id,created_utc,title,is_self,score,ups,upvote_ratio,author,author_flair_text,location_lat,location_long,location_name,category,link_flair_text,is_video,media,num_comments,num_crossposts,num_reports,over_18,selftext,thumbnail,url,subreddit
1uci2k0,1782127961,WHAT DOES EVERYONE THINK OF VALKO???,True,124,124,0.89,Feet_pic_connosiour,,,,,,Discussion,False,,292,0,,False,IM GOBSMACKED HE LOOKS AO COOL,self,https://www.reddit.com/r/LoveAndDeepspace/comments/1uci2k0/what_does_everyone_think_of_valko/,LoveAndDeepspace
1uci3dw,1782128030,MEET VALKO,False,92,92,0.88,OfficixlMisty, 🤍 :Happy-Snowman-Sigh: | :Happy-Snowman-Drink:,,,,,Discussion,False,,3,1,,False,WE GOT OUR FINAL LI GUYSSSS ! ,https://preview.redd.it/5qd1w2qllt8h1.jpeg?width=140&height=65&auto=webp&s=f6cb707773a7587af9a91d4d36875216ac597a98,https://i.redd.it/5qd1w2qllt8h1.jpeg,LoveAndDeepspace
1uci3tb,1782128066,"Valko's Trailer ""Chasing Night"" Released!",False,2272,2272,0.94,Ti_xiv,❤️ :GK1:| :Artsy-Birb-Love:| :Apple:| :HS1:| :Crow-Feeling-Good:,,,,,Official Media,True,"{'reddit_video': {'bitrate_kbps': 2400, 'dash_url': 'https://v.redd.it/9sfjtxjplt8h1/DASHPlaylist.mpd?a=1784720084%2CYTNiYTdjOWE2ZGE3NWZkNjEyYjU5MTliOTYyZjk3M2FiNWJhYjg3YzIyYzJhZTQxNDRjYzAxOTYxZDZkNmZiMQ%3D%3D&v=1&f=sd', 'duration': 46, 'fallback_url': 'https://v.redd.it/9sfjtxjplt8h1/CMAF_720.mp4?source=fallback', 'has_audio': True, 'height': 720, 'hls_url': 'https://v.redd.it/9sfjtxjplt8h1/HLSPlaylist.m3u8?a=1784720084%2CMmQ1ZTdjNzM2MDJmNjVkNWQyNDNkYzkxNzBkZDRiMzUzNDg1ZWJmMTg3M2QxMzA5MjkxMTIzYTE0ZGJjOGRlMg%3D%3D&v=1&f=sd', 'is_gif': False, 'scrubber_media_url': 'https://v.redd.it/9sfjtxjplt8h1/CMAF_96.mp4', 'transcoding_status': 'completed', 'width': 1280}}",870,1,,False,"🐺 Wolves rule the wilderness.

And these eyes will always remember the path they run—

Valko's Trailer ""Chasing Night"" Released!

&#x200B;

Follow 

@Love\_Deepspace on X and share this post with the hashtag #Valko. We will randomly select 5 hunters to each receive 100 USD!

&#x200B;

Link: https://x.com/Love\_Deepspace/status/2069020075986661392

&#x200B;

Love and Deepspace Version 6.0 ""A Shattered Quiet"" launches on Jul. 9!

&#x200B;

Valko, the EonCore Tech Chairman, mysterious head of the werewolf clan will debut in this version!

There will be a whole new romance line launching at the same time, and new Companions will soon be available to unlock!

&#x200B;

A creature of fangs and claws hides within the concrete jungle.

The wind stills, the grass bows, as he awaits the perfect moment to go for the throat—then your figure suddenly enters his sight.

&#x200B;

""The real hunting ground's up ahead.""

""Do you dare follow?""",https://external-preview.redd.it/Z3RvMDE4aHBsdDhoMc4U-iBvUyz-Oojn2aZP8CCEQ14zyGKBd89gzslrqMLm.png?width=140&height=78&format=jpg&auto=webp&s=e746d73fbd71342398ece5105c4521ea07db401c,https://v.redd.it/9sfjtxjplt8h1,LoveAndDeepspace
1uci4cm,1782128112,6th LI Reveal,True,91,91,0.79,XZMelissaZX,,,,,,Discussion,False,,87,0,,False,"Ok, so, his name is Valko. He's a werewolf. I DO like his voice but I don't like how he looks. His body is good but it's the face for me. He looks too... Realistic in a way? The rest of the LI's look fantasy-ish, right? Zayne and Caleb don't but they have that soft look/face whereas this LI has a really rough face. I don't like it. He kinda looks like Overhaul to me too so thats a turn off",spoiler,https://www.reddit.com/r/LoveAndDeepspace/comments/1uci4cm/6th_li_reveal/,LoveAndDeepspace
1uci55p,1782128181,Valko looks like a morph of Sylus and Caleb,True,45,45,0.66,Azophi1,,,,,,Discussion,False,,42,0,,False,So disappointed with Valko's design. Even introducing him at this point was so unnecessary. I guess the 6th LI was expected with all of the hints but he is a werewolf? They have advanced weapons and tech here and he's a werewolf in this universe? Doesn't seem formidable enough. ,self,https://www.reddit.com/r/LoveAndDeepspace/comments/1uci55p/valko_looks_like_a_morph_of_sylus_and_caleb/,LoveAndDeepspace
1ucigbw,1782129141,So are we like... getting another livestream?,True,35,35,0.83,RoseM2007, 🤍 :Happy-Snowman-Sigh: | :Happy-Snowman-Drink:,,,,,Discussion,False,,11,0,,False,"Okay... Valko's so hot. I was not expecting him to be *that* hot honestly. (I'm a solo Zayne main, but DAMN, he could turn me into a howling beast iykyk)

But the question is basically the ti-tle? Do you think we're getting another live? Since this one was pretty short and they didn't reveal much of anything.",self,https://www.reddit.com/r/LoveAndDeepspace/comments/1ucigbw/so_are_we_like_getting_another_livestream/,LoveAndDeepspace
1ucike4,1782129489,The way I've been very patiently waiting for him saving every standard wish i was getting 😌,False,38,38,0.9,Spartiate8,❤️ :Crow-Feeling-Good: l :Artsy-Birb-Love:,,,,,Discussion,False,,3,0,,False,Welcome Valko! the war is over 😭,https://preview.redd.it/u7outipxpt8h1.jpg?width=140&height=77&auto=webp&s=4d17f4b16fc4de8881692b54579fb4fd99753611,https://www.reddit.com/gallery/1ucike4,LoveAndDeepspace
1ucileb,1782129572,EonCore...,True,30,30,0.88,Aromatic-Sugar-8216,,,,,,Discussion,False,,3,0,,False,"Can someone tell me more about EonCore? As we know now, the new LI Valko is the chairman of EonCore, and it's also mentioned in World Underneath 30

But is there any more information that I might have missed? Please, share",self,https://www.reddit.com/r/LoveAndDeepspace/comments/1ucileb/eoncore/,LoveAndDeepspace
1ucimw4,1782129668,I am so ready,False,79,79,0.9,Taylorange,,,,,,Memes,False,,9,0,,False,Pretty sure this is way over to the maximum pull count on pulse hunter banners but oh well I NEED Valko the wolfy boy 🐺,https://preview.redd.it/zsxjiz3hqt8h1.jpeg?width=140&height=140&auto=webp&s=d6906e464a7e62774e5ad6b9689e0186c1ec6643,https://i.redd.it/zsxjiz3hqt8h1.jpeg,LoveAndDeepspace
1uciqhd,1782129948,New LI valko,False,1,1,1.0,stormegirl,:Crow-Feeling-Good: l 🐾Sylus’s Kitten🐈‍⬛,,,,,Lore & Theories ,False,,2,0,,False,,"https://preview.redd.it/vwiaf05brt8h1.jpeg?width=140&height=140&crop=1:1,smart&auto=webp&s=c89fdb0e71922fc7f9d114384a4bb17fb38bb45a",https://i.redd.it/vwiaf05brt8h1.jpeg,LoveAndDeepspace
1uciqlh,1782129958,6th Li’s name,True,20,20,0.84,Strange_Somewhere772,,,,,,Discussion,False,,12,0,,False,Since we now know that his English name is Valko (which apparently means Wolf in a few slavic languages) I would like to know his original Chinese name. Anybody got information on that yet? ,self,https://www.reddit.com/r/LoveAndDeepspace/comments/1uciqlh/6th_lis_name/,LoveAndDeepspace
1ucirjd,1782130035,Another new photo of Valko from the official website!,False,1,1,1.0,ici-snowflake,,,,,,Discussion,False,,2,0,,False,,"https://preview.redd.it/3qnca2cart8h1.png?width=140&height=140&crop=1:1,smart&auto=webp&s=4f0bbad33d0a8eeb747b584f90a38185fb1ecf28",https://i.redd.it/3qnca2cart8h1.png,LoveAndDeepspace
1uciszw,1782130158,guesses on what Valko's mascot/symbol will be? or will it be a wolf?,True,25,25,0.84,orbwove,,,,,,Discussion,False,,11,0,,False,"We know he's part wolf/associated with wolves, but I'm wondering if his mascot will be one? like how Raf is lemurian/a merman (i.e. fish) but has artsy birb? Off the top of my head, I wanna say it's going to be a lil robot since he has metal evol and is chairman of a tech/protocore company but who knows!",self,https://www.reddit.com/r/LoveAndDeepspace/comments/1uciszw/guesses_on_what_valkos_mascotsymbol_will_be_or/,LoveAndDeepspace
1ucitn1,1782130210,"Valko is a tall boy (6'2"")",True,89,89,0.94,Mags02,,,,,,Discussion,False,,24,0,,False,"https://preview.redd.it/iir14nzhrt8h1.png?width=731&format=png&auto=webp&s=87405485ccc1e68bc383a9f3683a420546d16c2e

His bio puts him a 6'2"", just like Sylus and Caleb.

>

Sylus: 190 cm / 6'2""  
Valko: 189 cm / 6'2""  
Caleb: 188 cm / 6'2""  
Zayne: 186 cm / 6'1""  
Xavier: 185 cm / 6'1""  
Rafayel: 183 cm / 6'0""",https://preview.redd.it/iir14nzhrt8h1.png?width=140&height=85&auto=webp&s=324dd38a19db4ca7e916a5ad77d6e0536dfb083c,https://www.reddit.com/r/LoveAndDeepspace/comments/1ucitn1/valko_is_a_tall_boy_62/,LoveAndDeepspace
1ucitsx,1782130223,New cover photo with Valko,False,1,1,1.0,HoeForAnnaliese,❤️ :Crow-Feeling-Good: | :apple-ha-ha:,,,,,Discussion,False,,2,0,,False,,https://preview.redd.it/jh85ypb4st8h1.jpeg?width=140&height=50&auto=webp&s=39c1ef27a93b487c8efa832ccb07aaf7601a619c,https://i.redd.it/jh85ypb4st8h1.jpeg,LoveAndDeepspace
1uciwst,1782130466,The New LI Valko,False,1,1,1.0,stormegirl,:Crow-Feeling-Good: l 🐾Sylus’s Kitten🐈‍⬛,,,,,Discussion,False,,2,0,,False,[removed],"https://preview.redd.it/m7gmkqkust8h1.jpeg?width=140&height=140&crop=1:1,smart&auto=webp&s=2c3ab5cb6fd7ffc883693ec684a22e7c1957a05e",https://i.redd.it/m7gmkqkust8h1.jpeg,LoveAndDeepspace
1ucixa8,1782130500,Finally complete,False,985,985,0.98,thatasiannerd1,,,,,,Discussion,False,,94,0,,False,"IM CALLING VALKO AS THE OFFICIAL BIAS WRECKER.  
Never going to attempt pulling for everyone in a multi banner. HAHAHA

HOW ARE WE ALL FEELING FROM THE LIVE STREAM?

Rage baited with Moon Viewing for 20 minutes 😤","https://preview.redd.it/yk82s7xxst8h1.jpeg?width=140&height=140&crop=1:1,smart&auto=webp&s=028a67d404502965bbb967e680590997b65c092e",https://i.redd.it/yk82s7xxst8h1.jpeg,LoveAndDeepspace
1ucj1lc,1782130837,Valko Concept Trailer - JP Dub (ANY GUESSES ON WHO THE SEIYUU IS?? 😭😭),False,63,63,0.96,otogehell,:Galaxy-Kid-Wow: |⭐ Xavier’s Little Star ⭐ ,,,,,Discussion,True,"{'reddit_video': {'bitrate_kbps': 5000, 'dash_url': 'https://v.redd.it/9vtfp1txtt8h1/DASHPlaylist.mpd?a=1784722859%2CMzVjZmY0MWMyMzRhZDA5MGU1ZmFkNzY1MDIwOGE4NzkwZGE4ODI0NTIxYjZhZGY5OTE1ZTA5ZDgyNTcwNmJhMQ%3D%3D&v=1&f=sd', 'duration': 46, 'fallback_url': 'https://v.redd.it/9vtfp1txtt8h1/CMAF_1080.mp4?source=fallback', 'has_audio': True, 'height': 1080, 'hls_url': 'https://v.redd.it/9vtfp1txtt8h1/HLSPlaylist.m3u8?a=1784722859%2CNTZkYWM2NzA5NjlkYjZiMGFjOGU5NGYzMDcwNzdlMWU3MTk1YjJhYzk2NGNmYmY0YzRkOWVhZDg1Y2JhNmU3OQ%3D%3D&v=1&f=sd', 'is_gif': False, 'scrubber_media_url': 'https://v.redd.it/9vtfp1txtt8h1/CMAF_96.mp4', 'transcoding_status': 'completed', 'width': 1920}}",24,0,,False,"Here's the jp version to those who play in jp\~

&#x200B;

I've been racking my brains trying to guess the seiyuu and I srsly have no idea 😭 My first thought is Ono Daisuke but I'm most definitely wrong hhkkshskskaljsmks

&#x200B;

Also his japanese name is Rouga! (ロウガ)",https://external-preview.redd.it/cnMyemo4bnh0dDhoMc1rpQJ15Bed-PKFUNa7Dc9pPHMW-h01VN-51NSxvCBY.png?width=140&height=78&format=jpg&auto=webp&s=d69929c37e450a849ab8c699c05471f1885be902,https://v.redd.it/9vtfp1txtt8h1,LoveAndDeepspace
1ucj1yb,1782130865,"Yk, Valko reminded me a lot to this guy of HP",False,50,50,0.83,Dull_Juice928,❤️ :GK1:| :Artsy-Birb-Love:| :Apple:| :HS1:| :Crow-Feeling-Good:,,,,,Discussion,False,,14,0,,False,"The name, the personality (the scrumb of that😭 ahsbdjdjd), the forehead...","https://preview.redd.it/lzxfom2qtt8h1.jpeg?width=140&height=140&crop=1:1,smart&auto=webp&s=21855ecaf70c76b32abf3eddc715be216ca178a8",https://i.redd.it/lzxfom2qtt8h1.jpeg,LoveAndDeepspace
1ucj2kr,1782130912,Anyone else getting deja vu?,True,52,52,0.86,iamyyasmeen,:SpringWhispers: Spring Whispers :SpringWhispers:,,,,,Discussion,False,,77,0,,False,"Feel like the way they revealed Valko and the ba¢klash from the fandom is very reminiscent of when Shaw from ML:QC was released.

I am aware the world building and all is pretty similar between the 2 games but I can't help but wonder if Valko will share the same fate as Shaw... It would be an unfortunate thing that could have been solved if he was released or mentioned earlier. 

Personally he's not for me and I am F2P so it doesn't matter to me either way since I won't pull for him (Unless he comes home before Zayne in multi😣). 



All that aside, what do you think his backstory will be? Will he have a completely new backstory or will they slightly reuse Shaw's backstory >!Being Gavin's brother (Another MLQC lead whose evol is Wind control.)!< since he looks kind of like Caleb & Sylus ?

 I honestly have no idea what to theorise since this is all so sudden and I was under the impression that there won't be one. ",self,https://www.reddit.com/r/LoveAndDeepspace/comments/1ucj2kr/anyone_else_getting_deja_vu/,LoveAndDeepspace
1ucj5wc,1782131164,What do u guys think of Valko?,False,1,1,1.0,BoopLols,🖤 :Crow-Feeling-Good: l :Crow-Mine-Now:,,,,,Discussion,False,,2,0,,False,[removed],https://preview.redd.it/p3tsnr6uqt8h1.jpeg?width=140&height=93&auto=webp&s=2f6d1b6ff1bec87569b3f38f7daad42ad015146e,https://i.redd.it/p3tsnr6uqt8h1.jpeg,LoveAndDeepspace
1ucja50,1782131485,Valko Talk,True,3,3,0.52,Careless-Look-8814,:Crow-Feeling-Good: l 🐾Sylus’s Kitten🐈‍⬛,,,,,Discussion,False,,46,0,,False,"Hello Fellow Hunters, 

&#x200B;

&#x200B;

Anyone else feeling that Valko is based A LOT on Sylus visuals and traits? He is giving off Sylus mean look which will make him also be another kind LI with mean visuals (unless he's a Tsun). And not to mention Sylus also had the half animal/demon/being allegations (present time Sylus is still unknown but we know his past version is half dragon and the other one is a fiend/vampire). Valko is also a boss...

&#x200B;

Not to say I hate the Werewolf LI, I do enjoy the trope, but I just feel like he and Sylus already share so much similarities. I will assume the actual Myth and release story will set him apart from Sylus, but my 1st time impressions are so.

&#x200B;

Honestly if you told be that Sylus and Valko are related, I will 100% believe you, and this is with them not sharing hair and eye colors, that's how much their face is similar to me.

&#x200B;

Well anyway, new LI means more resources to collect, so welcome to the gang Valko and thank you for your contribution! Though I cannot main you, I will appreciate you and the content you bring as werewolf content has always been interesting to me. It's a shame you didn't appear before then I could have had you and Sylus as a main :"")",self,https://www.reddit.com/r/LoveAndDeepspace/comments/1ucja50/valko_talk/,LoveAndDeepspace
1ucjaut,1782131541,me putting Valko in the cafe once he releases,False,261,261,0.98,DessBiotics,,,,,,Memes,False,,12,0,,False,,https://preview.redd.it/0oczz4n1wt8h1.jpeg?width=140&height=140&auto=webp&s=2a3269d88d7720b8515cafaf4b2860e64f60f03e,https://i.redd.it/0oczz4n1wt8h1.jpeg,LoveAndDeepspace
1ucjeer,1782131808,Doubts about valko,True,23,23,0.8,pica_picachu_,,,,,,Discussion,False,,33,0,,False,"So i wanted to ask, Is valko not mentioned in the main story until now at all? I haven't completed the main story yet because I mostly focus on the events, daily quests, the mini games i.e. kitties card and claw machine and other aspects of the game, yk? Like, i haven't continued the main story after caleb came baçk... And, now suddenly a new li is dropping.... So i just wanted to clarify if he was ever mentioned in the MS... Valko's interesting, a werewolf at that but... When will his ms drop...? Will it be with the update? ",self,https://www.reddit.com/r/LoveAndDeepspace/comments/1ucjeer/doubts_about_valko/,LoveAndDeepspace
1ucjww4,1782133175,I hope Valko is a Capricorn,True,19,19,0.73,ashleighnikkola,,,,,,Discussion,False,,33,0,,False,We have a big 5 month gap from xavier in October to Rafayel in March when it comes to birthdays and birthday events. So my biggest hope is the new li has a birthday in the gap so it feels more even :),self,https://www.reddit.com/r/LoveAndDeepspace/comments/1ucjww4/i_hope_valko_is_a_capricorn/,LoveAndDeepspace
1ucjyw9,1782133296,Valko,True,1,1,1.0,Aggravating-Slayer,,,,,,Discussion,False,,1,0,,False,[removed],https://preview.redd.it/ypxujnmz0u8h1.png?width=140&height=78&auto=webp&s=a879b091d93e1e2b696b033a4e7049195209cfc9,https://www.reddit.com/r/LoveAndDeepspace/comments/1ucjyw9/valko/,LoveAndDeepspace
1uck0hl,1782133407,"Is it just me, or does Valko look like Edward from Twilight lmao?",True,1,1,1.0,Dazzling_Crow1972,,,,,,Discussion,False,,1,0,,False,[removed],self,https://www.reddit.com/r/LoveAndDeepspace/comments/1uck0hl/is_it_just_me_or_does_valko_look_like_edward_from/,LoveAndDeepspace
1uck0z2,1782133445,Valko’s looks,False,382,382,0.95,charrxv,,,,,,Discussion,False,,178,0,,False,"So, Valko just dropped and I have to say, I actually really like his name. I think Valko is such a cool name

Now, I know there’s already a split. Half the people are okay with the 6th LI, and half are not. Before I say anything else, I just want to make it clear that I completely understand why some people are disappointed. There are plenty of valid reasons people might not be happy about a 6th LI, and I totally get that.

That being said, I want to ignore all of that for a second and talk purely about his looks.

People are already calling him generic, plain, and even ugly, but I honestly think people are going to switch up on him so fast. Everyone said the exact same thing about Caleb when he was first revealed. I remember seeing so many people call him plain and generic, and now a lot of those same people think he’s really hot.

Personally, I think Valko looks pretty cool. Does he have the most unique design ever? No. But I think he looks interesting enough that he stands out. He’s got the cool coloured hair, and they finally freed the forehead, which is already a win in my books 🔥🔥

I feel like for some characters, you don’t really get to love their appearance until you start seeing them in the kindles and other cutscenes. Seeing them in different situations and lighting helps too, and we only get to see Valko in a darker lighting in his PV

I’m calling it now: people are hating on his looks today, but I would not be surprised at all if a few months from now a lot of those same people are obsessed with him

And if people don’t end up liking him, that’s okay! Not everyone has to like every single character in the game, hence why there are 6 choices… heck most people only really love one character

Everyone has different types and likes and dislikes. Just because you may not favour him, doesn’t mean someone else wouldn’t. There are people out there that love him or will love him later. We should let people enjoy the way he looks 🤷‍♀️

(And just to be clear one more time, this post is strictly about his appearance and nothing else. I’m not talking about whether a 6th LI was a good idea or a bad idea. That’s a completely separate discussion)",https://preview.redd.it/235dykdp1u8h1.jpeg?width=140&height=97&auto=webp&s=845948fe03ee15da8939e180dc9ab3391e25783f,https://i.redd.it/235dykdp1u8h1.jpeg,LoveAndDeepspace
1uck6vd,1782133868,Valko looks like Edward from Twilight 😂,False,1,1,1.0,Dazzling_Crow1972,,,,,,Discussion,False,,2,0,,False,,https://preview.redd.it/upmsktnw2u8h1.png?width=140&height=99&auto=webp&s=823b1eefe40fe427bab24a616436215fafccaee7,https://i.redd.it/upmsktnw2u8h1.png,LoveAndDeepspace
1uck7vb,1782133936,Did anyone else think the Valko trailer was a trailer for a new Caleb solo card? 😭,True,103,103,0.82,dazaisbandages_,:Artsy-Birb-Love: |🧜🏻Rafayel’s Mermaid🧜🏻‍♀️,,,,,Discussion,False,,13,0,,False,When i saw the trailer I genuinely thought Caleb was gonna have a werewolf themed solo card lmaooo,self,https://www.reddit.com/r/LoveAndDeepspace/comments/1uck7vb/did_anyone_else_think_the_valko_trailer_was_a/,LoveAndDeepspace
1uck89w,1782133965,I hope Valko is dumb as bric/ks.,True,1,1,1.0,Weak-Listen-6941,,,,,,Discussion,False,,2,0,,False,[removed],self,https://www.reddit.com/r/LoveAndDeepspace/comments/1uck89w/i_hope_valko_is_dumb_as_bricks/,LoveAndDeepspace
1uckdwl,1782134358,What really are the chances that Valko was made with the EN community in mind?,True,1,1,1.0,fishhugging_otter,:Artsy-Birb-Love: |🧜🏻Rafayel’s Mermaid🧜🏻‍♀️,,,,,Discussion,False,,2,0,,False,[removed],self,https://www.reddit.com/r/LoveAndDeepspace/comments/1uckdwl/what_really_are_the_chances_that_valko_was_made/,LoveAndDeepspace
1uckq5b,1782135209,Valko finding out they did the catch 22 banner and the cat boy banner without him:,False,919,919,0.99,somepainting1,,,,,,Memes,False,,22,0,,False,,"https://preview.redd.it/8742br3y6u8h1.jpeg?width=140&height=140&crop=1:1,smart&auto=webp&s=bde8f66476d9450c032925297eef564a16425f61",https://i.redd.it/8742br3y6u8h1.jpeg,LoveAndDeepspace
1ucksf4,1782135368,Future for NG3,True,15,15,0.67,Confuzzykins,❤️ :Crow-Feeling-Good: l :Artsy-Birb-Love:,,,,,Discussion,False,,19,0,,False,"Woohoo!! Welcome Valko!!

Now that the debate of whether we’ll actually get an LI6 is over, I want to discuss one of the most hotly debated issues regarding his presence: what it means for Sylus and Caleb content 

Personally, I don’t think infold will have any issues keeping up with the story content. I know big companies like these have a tendency to let us down for the sake of money, but there was clear thought, effort, and LOVE placed into this world, these characters, and this story, so I’m gonna go out on a limb here and say that I trust them to have a plan regarding the story. 

I’ve said in previous comments that my hypothesis is that they were waiting to drop LI6 to update Sylus and Caleb’s bond stories and anecdotes, that way, they could establish an update pattern based on OG3- Xavier, Zayne, and Raf, and the NG3- Sylus, Caleb, and Valko!! I can’t say for sure this will happen, but it’s just my theory based on what would make sense.

What do you all think? Will we get bond updates at all? What pattern do you think they’ll base it on? If I were to guess, I think (and hope!) they drop bond updates for Sylus and Caleb with 6.0, and then maybe with the next anniversary update, they do bond updates for the OG3, and Valko will get his around his anniversary? Idk, just thinking 🤔 ",self,https://www.reddit.com/r/LoveAndDeepspace/comments/1ucksf4/future_for_ng3/,LoveAndDeepspace
1uckwbs,1782135637,Valko & Raf: predicting shared tropes and key differences,True,25,25,0.72,d3v0ur355,,,,,,Discussion,False,,12,0,,False,"Hello guys, after watching today's big news I came up with some ideas on how Valko would fit Rafayel's counterpart role. I'm curious of your thoughts and predictions, too.

&#x200B;

Here is what caught my attention + some speculations.

&#x200B;

**Meaning of elements**

**Rafayel** is primarily **water** **creature** with undying **fire** Evol representing his **passion.**

**Valko** seems to be **beast of earth (green, woods) & metal** (Evol + follow up to living nature by connection with blood and iron). I feel like this might represent his **steel resolve**. What's more, association of his predatory **speed and pursuit with** **air** would complete the traditional elements.

I believe Chinese elements also include wood, which would fit Raf's attributes: flute, boats, brushes and tools.

&#x200B;

**Dynamic in the world**

**Rafayel** is a **pray** (please don't hate me - let me explain). His primary fear is complete downfall of Lemurians - that's why he's reaching for vengeance. His deadly side is reserved for enemies directly threatening him or his people. He's not a straight predator type, he only fights to **protect or avenge**. He's bold in action - I admit that - but it always comes from defensive feelings of deeply traumatized victim. This shows also when Rafayel sides with **little harmless critters** and **despises predators** (cats, people hunting Lemurians).

**Valko** is obvious **predator type**, raw and wild. But as a corp chairman I expect him to be a **wolf in sheep skin** \- at least daily, when he's not consumed by appetite. I believe this appetite on his white collar side would show in greedy and controversial business decisions.

&#x200B;

**Personality and attitude**

**Rafayel** is following a **siren trope** \- charming both in a goofy and deadly way. He's chameleon and **manipulator**, **adapting** to get what's he wants by causing some chaos and drama. Raf likes assuming roles, using distractions and is **playful** about it.

**Valko** seems to be **hunter in disguise** (or apparently not - on super moons like today). As corp chairman with dangerous secret, he opposes to both Raf's soft skills and Sylus's openly brute force. As a predator in nature and business, I believe him to be the **deceiver**, shaping the hunting grounds to his liking before revealing his true intentions to the pray.

&#x200B;

**Fate connection** **& relationship dynamic**

**Rafayel's** Lemurian heart bond sets the dynamic of **dependence**. With his heart, Raf gave MC the absolute **power over him**, as well as made her **his weakness**. This motive reappears in Throne of Eros, too - when he drinks elixir to bound his fate to MC's. That's what love means to Lemurian - it **gives away control** in the most beautiful way.

**Valko****'s** lore is a complete mystery to me. I suspect he will be more **possessive** than Rafayel and maybe even more controlling than Caleb, and he might have some stalking urges like Sylus, too, as he has access to support net and advanced technology - but I feel like he may play it cool, ocassionally revealing jealousy and frustration. Valko gives away some **boyish and rebel vibe**, I'm not sure if get get it right or how to connect it with his white collar side.

&#x200B;

I'm eager to hear your thoughts :D

&#x200B;",self,https://www.reddit.com/r/LoveAndDeepspace/comments/1uckwbs/valko_raf_predicting_shared_tropes_and_key/,LoveAndDeepspace
1ucl7x5,1782136426,Would Valko wear glasses like this or this?,False,164,164,0.97,MendYourMisery,❤️ :Crow-Feeling-Good: l :Happy-Snowman-Drink:,,,,,Memes,False,,3,0,,False,Asking the important questions ,"https://preview.redd.it/4fg48xfkau8h1.jpeg?width=140&height=140&crop=1:1,smart&auto=webp&s=2ece3e5a5bbc688347f8e8f87147334ff81ebe22",https://i.redd.it/4fg48xfkau8h1.jpeg,LoveAndDeepspace
1uclgq5,1782137001,How come people aren’t happy with Valko?,True,65,65,0.7,Petite-Bleu,:Galaxy-Kid-Wow: |⭐ Xavier’s Little Star ⭐ ,,,,,Discussion,False,,127,0,,False,"A serious question not meant to start the “bad” kind of discourse or insult anyone. Genuinely curious. 

I swear in the time since I’ve joined the forum, I have seen arguments for and against a new LI in equal measure. 

Over the last yearish if I had taken a shot for every time I heard some variation of “I want a *real* villain,” “I want a redhead,” “the guys all look like boys we need someone more manly,” “where’s Rafayel’s foil, I want XYZ,” and so on I would need a hospital. Like maybe I have spent too much time on LADS socials, but is this man not exactly what the vocal minority ordered? 

I’ll say I’m whelmed and doubt he has any impact on my experience whatsoever (despite a love of redheads), so I’m lost. It’s Caleb hate all over again and it’s been like 2 hours. For example, I am not a Caleb or Sylus person per se, and usually don’t pull for them, have them on my home screen, or in my house. And when I want to be a harem girly, I pull for everyone and rotate them on my home screen and in my house. Like, no LI is being forced on anyone, right? You can ignore him if you want?

In my view, the multibanners always have been hard, they always will be hard, the math isn’t in the player’s favor. That’s just every gacha and otome I’ve ever experienced. Maybe I’ve just played enough games with a ton of love interests to be numb to it, but 6 seems tame. 

If you look at the lore, there’s almost always hints. The first one that comes to mind is God of Annihilation being hinted at with a single date. So he didn’t appear out of thin air. I’m not fully caught up, but there’s probably hints for Valko too. 

Design wise, Sylus has horns and a big ol’ tail in addition to human ears in his myth, so I don’t see why the doggie ears and a tail are scandalous. 

I don’t find his name jarring either. Xavier literally means light. Raphael and Homura are famous artists. They’re not exactly subtle. 

The likelihood of them adding an LI older than Sylus or Zayne seems slim so he’s par for the course. 

I will say I desperately wish I could escape edgy men, CEOs, mafiosos, and werewolves as they plague me on every social media platform, in-game ad, and reading app, but it is what it is. 🤷🏾‍♀️ I feel like every twilight girlie and furry I grew up with would be going nuts right now and I’m happy for them. 

The only thing I can think of is it’s a bit unfair that Sylus and Caleb still have catching up to do so it might feel like they’re being deprioritized. 

Am I missing something? This feels like pretty strong reaction. Is it just discontent parties being extra loud?

Also congratulations to everyone who wanted someone like him, hope he’s cool! 🐺 ",self,https://www.reddit.com/r/LoveAndDeepspace/comments/1uclgq5/how_come_people_arent_happy_with_valko/,LoveAndDeepspace
1uclqd1,1782137650,So Wolf by Exo is his song right?,True,72,72,0.9,Cherry_Bomb_127,❤️ :Happy-Snowman-Drink: | :apple-ha-ha:,,,,,Discussion,False,,20,0,,False,"Like Valko is a wolf at least in his I assume first myth and makes so much sense! I guess Monster also makes sense


Not gonna lie I’m so tempted to add Cat and Dog by TXT to this list ",self,https://www.reddit.com/r/LoveAndDeepspace/comments/1uclqd1/so_wolf_by_exo_is_his_song_right/,LoveAndDeepspace
1uclzet,1782138224,How would Valko wear glasses?,True,63,63,0.9,sarabipixels,,,,,,Memes,False,,9,0,,False,"https://preview.redd.it/ep52urwffu8h1.png?width=1534&format=png&auto=webp&s=5e2a5f49d47fac5195b3a05255e12fcfcd8a3e64

Just something to think about.",https://preview.redd.it/ep52urwffu8h1.png?width=140&height=78&auto=webp&s=0814fb6bd00ed208602a9bc5e72f17b5ae097718,https://www.reddit.com/r/LoveAndDeepspace/comments/1uclzet/how_would_valko_wear_glasses/,LoveAndDeepspace
1ucm0ay,1782138279,Valko and my mc,False,118,118,0.96,RuriSuoh,🔥:apple-heart:🔥,,,,,Art,False,,5,0,,False,"I headcanon my MC as an ENFP. She had a hardtime befriending Sylus since she's terrified of her. Aint no ways she boutta do that with a new guy xD

&#x200B;

Disclaimer: I LOVE THE TRAILER AND VALKO! I think he's super hot and super worth the money! His voice is also really good too! But I solo main 🍎 and I dont have the luxury to pull for everyone. Nonetheless, I hope Valko gets to have a lot of girlies! 

This is just my MC tryna act tough lmao. I think theyre gonna be good besties 😭😂 (I only make my MC romantic with Caleb)",https://preview.redd.it/u9q7vmm2gu8h1.jpeg?width=140&height=124&auto=webp&s=1b96fe9ec30883013bee6d7ab040fd941f82c22e,https://i.redd.it/u9q7vmm2gu8h1.jpeg,LoveAndDeepspace
1ucm1j2,1782138353,Girlies how are we feeling about Valko 😭,False,1,1,1.0,lawlietstrawberry57,:Galaxy-Kid-Wow: |⭐ Xavier’s Little Star ⭐ ,,,,,Discussion,False,,2,0,,False,[removed],"https://preview.redd.it/wv3y0ipagu8h1.jpeg?width=140&height=140&crop=1:1,smart&auto=webp&s=16feef50d0c119df7a52ac085afdb98a3b244243",https://i.redd.it/wv3y0ipagu8h1.jpeg,LoveAndDeepspace
1ucm61k,1782138636,"With the new 6th LI, we'll finally get an update for XSpace Echo, the chocolate shop, Orbits, Unicorns, abyssal chaos, house features, the photobooth, and the journal.",True,98,98,0.93,Mimi1b,,,,,,Discussion,False,,16,0,,False,"And of course the main story. I just wish the devs would give Caleb and Sylus more content. But maybe they'll do it like the OG3 and release banners for three Li's at a time: Xavier, Rafayel and Zayne. Then Sylus, Caleb and Valko.",self,https://www.reddit.com/r/LoveAndDeepspace/comments/1ucm61k/with_the_new_6th_li_well_finally_get_an_update/,LoveAndDeepspace
1ucmaxh,1782138961,Lore Question about all the guys,True,13,13,0.81,Happynerdyknit,,,,,,Lore & Theories ,False,,1,0,,False,"We got the new profile for Valko and it says (for now) birthday unknown, which makes me think it's possible he was found and adopted by his family, rather than born into it, likely from the Deepspace Tunnel (totally speculation, but something I was already thinking about prior to this drop).

Sylus and Xavier are both from Philos (different Philos's?) and came from the Tunnel as well. And Rafayel was born ""when dawn met dusk"" and adopted by the king and queen of Lemuria, so not born traditionally on Earth either, and possibly a poetic/mythic way to explain him also coming from the Tunnel?

Caleb and MC ""are from the same source"" and MC is heavily linked to the Tunnel which makes me think she came from it as well, which would lead me to think that Caleb is also from the Tunnel which would explain why we don't know anything about his family and how he ended up in Gaia.

As far as I'm aware (I'm due for a reread through the lore now that I have context of things, might have missed something), Zayne is the only one that's shown to have a normal human, Earth based childhood. Is there anything in his lore that suggests he could have been adopted by normal parents and is actually also from the Tunnel? Or is there anything I've missed that refutes any of the guys being from it and unravels my whole rambling brainstorm lol. With Dawnbreaker seeming to be an alternate reality him where things went differently, I wouldn't be surprised if we find out later that he's also not from Earth originally.

I have a lot of thoughts, very little sleep, and a lot of hype keeping my brain racing with possibilities and ideas, so it's entirely possible I'm way off base, but I like stuff like this even if it ends up being wrong. Does anyone have info to add or negate to my ramblings?

My most current theory is that they all came from the Tunnel from different realities/times and have joined into the same world for some unknown-for-now reason, and it has to do with whatever world-ending event the MS seems to be leading us to, and we'll either need to save it or fail and be restarted to try again.",self,https://www.reddit.com/r/LoveAndDeepspace/comments/1ucmaxh/lore_question_about_all_the_guys/,LoveAndDeepspace
1ucmbld,1782139001,The Valko hate feels so forced.,True,1,1,1.0,lonely-Wanderer22,❤️ :Artsy-Birb-Love: l :Galaxy-Kid-Wow: l :Crow-Mine-Now:,,,,,Discussion,False,,0,0,,False,[removed],self,https://www.reddit.com/r/LoveAndDeepspace/comments/1ucmbld/the_valko_hate_feels_so_forced/,LoveAndDeepspace
1ucmegc,1782139183,The Valko hate feels so forced.,True,1,1,1.0,lonely-Wanderer22,❤️ :Artsy-Birb-Love: l :Galaxy-Kid-Wow: l :Crow-Mine-Now:,,,,,Discussion,False,,0,0,,False,[removed],self,https://www.reddit.com/r/LoveAndDeepspace/comments/1ucmegc/the_valko_hate_feels_so_forced/,LoveAndDeepspace
1ucmo6l,1782139797,Valko fanart by me 🫪🫪✍️✍️✍️,False,134,134,0.94,MiekoNeko,🖤 :Crow-Feeling-Good: l :Crow-Mine-Now:,,,,,Art,False,,5,0,,False,,"https://preview.redd.it/43m4sbzkku8h1.jpg?width=140&height=140&crop=1:1,smart&auto=webp&s=87f7bbb4d5b92430504ad75ee09e0e13ce845fcf",https://www.reddit.com/gallery/1ucmo6l,LoveAndDeepspace
1ucn5lw,1782140854,moonchaser,False,24,24,0.69,realitidemo,:Galaxy-Kid-Wow: |⭐ Xavier’s Little Star ⭐ ,,,,,Discussion,False,,22,0,,False,"Setting aside other debates about the 6th LI, why is his promotion called ""Moonchasing Project"" when Xavier's exclusive weapon for Lumiere is already called the Moonchaser? 

Feeling extra hurt as a Xav stan. This is fair to neither him nor Valko. Each LI deserves their own elements and titles.","https://preview.redd.it/fm73m6gqnu8h1.jpg?width=140&height=140&crop=1:1,smart&auto=webp&s=617fd12fcbba2254c545f4115a01a7ad2356804d",https://www.reddit.com/gallery/1ucn5lw,LoveAndDeepspace
1ucnalf,1782141156,me looking at my pulling plans and valko 👁👄👁,False,54,54,0.91,subenx,❤️ :Artsy-Birb-Love: | :Crow-Feeling-Good: | :Apple:,,,,,Memes,False,,5,0,,False,already had no idea how i would save enough for my initial plan while remaining an aurum-pass-only girlie (i always make sure i have enough to guarantee what i want before pulling) and right now i fear im straight up cooked 😭,https://preview.redd.it/ctsgewomou8h1.jpg?width=140&height=78&auto=webp&s=b3293db3fd86d95868006c29ecbd4e069b384b42,https://www.reddit.com/gallery/1ucnalf,LoveAndDeepspace
1ucnffl,1782141429,Valko is so camp and fun and whimsical,True,112,112,0.87,iwouldntthough,,,,,,Discussion,False,,6,0,,False,"https://preview.redd.it/5yjdjhn3pu8h1.jpg?width=735&format=pjpg&auto=webp&s=a96607fcfdea5c6286f740d53479fb66377e3483

He's everything 15 year old me would have wanted. An alpha werewolf CEO? With cute lil doggy ears? And he howls at the moon?? Like??? 😭

He's so funny in concept and so hot in actuality. 

The memes and the fics this man will cause ... it's gonna be amazing. I CANNOT WAIT to see more. 

Video games are supposed to be fun and he's really reminding me of that rn. ",https://preview.redd.it/5yjdjhn3pu8h1.jpg?width=140&height=139&auto=webp&s=b8a06458ebb303fa707be22c8233aa31a538ce3d,https://www.reddit.com/r/LoveAndDeepspace/comments/1ucnffl/valko_is_so_camp_and_fun_and_whimsical/,LoveAndDeepspace
1ucnhjx,1782141558,Remember that pulling is YOUR choice,True,1168,1168,0.92,RuriSuoh,🔥:apple-heart:🔥,,,,,Discussion,False,,296,0,,False,"Sigh. Here we go.

&#x200B;

My dude Valko gets tons of negativity in different social spaces I have been in and I just cannot take it anymore. He looks promising. He's definitely that dark romance werewolf protagonist that booktok girlies go crazy for. The only thing I wanna point out is WHY DOES HE HAVE FOUR EARS HAHAHAHA 😭 But he is VERY handsome, very fit, very attractive. I would pull for him if I had the money, but I solo main 🍎 and hes the only one I can afford.

&#x200B;

Okay so lets discuss stuff and clear things.

&#x200B;

Valko cant mess with your pity because the pity system is with a fixed number, 50/50 and 100%. Any LI can mess  with your pity. How about the multis? My guess it's still the same 3 guys and one precise. For what it's worth, Valko will have his own bday banners, myths, and solos. That will give us more time to breathe.

&#x200B;

""BUT I WANT TO PULL FOR HIM!""

&#x200B;

Now that is YOUR choice. The game is clearly pro ONE MAIN LI and having two is a luxury, having three or more is whaling. Unless you are willing to spend money, you must STICK with one only 

&#x200B;

""BUT I CANNOT GET PASS ORBITS WITHOUT HIM!""

&#x200B;

YOU. CAN.

Sis, I solo main Caleb and I have x02 and NE both at R1! MIND YOU R1! And Im done with Gravity Orbit 180, Open Orbit 300, and I am building a team for FOO 60 (156 stars), using my R1 myths. The contents are clearable if you just focus on ONE LI!!!

&#x200B;

&#x200B;

Everything here boils down to your OWN choice. You cant spend money on the game, not do the rewards content, and complain that the game isnt giving you anything. 

&#x200B;

I am a guppy spender. Aurum, basic promise pass, around 12 dollars spent per multi (Im just getting Caleb) and I tell you I have 40k dias in my name up until now.

&#x200B;

Remember that the game is a gacha, a gamble. Spend wisely and grind properly. Valko is an additional to the game and not some monster that will mess everything up. Free my boi from the hate.",self,https://www.reddit.com/r/LoveAndDeepspace/comments/1ucnhjx/remember_that_pulling_is_your_choice/,LoveAndDeepspace
1uco18v,1782142749,"So, did Ishakan fans lose… or did we win with Valko? 🫦",False,74,74,0.87,ImaginationOld8206,:Apple: | 🍎Caleb’s Baby Apple🍎 ,,,,,Discussion,False,,44,0,,False,"The second I saw Valko, I thought of him! I’m dying 😂 This game totally did this to me on purpose. How does it know I have a weakness for tan guys with amber eyes and reddish hair?! This can’t be real! Hahahahaha! I’m sorry Caleb 💔💔",https://preview.redd.it/mobw4t1ctu8h1.jpeg?width=140&height=140&auto=webp&s=ba3e19b077e3d429dbb0d3fc4901b8b012fbc44b,https://i.redd.it/mobw4t1ctu8h1.jpeg,LoveAndDeepspace
1uco2v7,1782142849,I don’t know why everyone find Valko having 4 ears weird when this’s the cat buțler outfit,False,1,1,1.0,Ok_War4709,❤️ :GK1:| :Artsy-Birb-Love:| :Apple:| :HS1:| :Crow-Feeling-Good:,,,,,Discussion,False,,2,0,,False,,https://preview.redd.it/xqnvsx0otu8h1.jpg?width=140&height=140&auto=webp&s=e731a745a968ebf1f54812a54b172a80e1285af7,https://www.reddit.com/gallery/1uco2v7,LoveAndDeepspace
1ucocrk,1782143447,My own theory on Valko,False,26,26,0.77,Mother-Bathroom2383,,,,,,Lore & Theories ,False,,5,0,,False,"What if he was also a part of the cruel experiment with caleb and MC, therefore he's a  hybrid wolf man? And his evol being metallisation. Scientists must have put him through a lot and tampered with protocores and stuff therefore giving him unnatural evol? Quite excited to see how he and mc were bonded 🥺

Share your thoughts!",https://preview.redd.it/y4qo4j4gvu8h1.jpeg?width=140&height=78&auto=webp&s=e03626bb4956be667f1f4cfabff93bed2f69b870,https://i.redd.it/y4qo4j4gvu8h1.jpeg,LoveAndDeepspace
1ucof5f,1782143589,"LADS Fans: ""RELEASE OUR HUSBAND'S FOREHEADS!"" Infold:",False,97,97,0.92,GlitteringHoneydew9,:Artsy-Birb-Love: |🧜🏻Rafayel’s Mermaid🧜🏻‍♀️,,,,,Discussion,False,,2,0,,False,"I'm not complaining about Valko, but why did it take a whole 6th LI  to FINALLY see a forehead??? Infold is trolling us at this point lol. I demand justice for our men! RELEASE THE FOREHEADS! LET THEIR FOREHEADS BREATHE! 😭",https://preview.redd.it/78bnrmcvvu8h1.jpeg?width=140&height=64&auto=webp&s=9df6954120eb66cacf6350ac894d522b776e9d9c,https://i.redd.it/78bnrmcvvu8h1.jpeg,LoveAndDeepspace
1ucojm3,1782143858,How are we all feeling about Valko?,False,1,1,1.0,JessiKerrCosplay,,,,,,Cosplay,False,,1,0,,False,[removed],"https://preview.redd.it/7cfup42kwu8h1.png?width=140&height=140&crop=1:1,smart&auto=webp&s=7b1572cbd1b4b2b2b1a58c961dbb294dd81391dd",https://i.redd.it/7cfup42kwu8h1.png,LoveAndDeepspace
1ucol6m,1782143954,Little red riding hood 🐺,False,83,83,0.89,NoRoof6701,,,,,,Discussion,False,,4,0,,False,"If Valko is the big bad wolf in his myth, does that mean we might get a skin like that? And an iconic ultimate like ‘She Is Wildfire’?",https://preview.redd.it/uw4h583ywu8h1.jpg?width=140&height=140&auto=webp&s=6d43bb7850b7a8a1db6cc3b6c23170391f6ed07b,https://www.reddit.com/gallery/1ucol6m,LoveAndDeepspace
1ucomqh,1782144038,Valko closet cosplay!,False,75,75,0.85,JessiKerrCosplay,,,,,,Cosplay,False,,7,0,,False,I did a closet cosplay of Valko whilst my wolf mask is printing! How are we feeling about the 6th li? ,"https://preview.redd.it/90yugew0xu8h1.png?width=140&height=140&crop=1:1,smart&auto=webp&s=aecc7b1a752524ad6bd496a211400d4b37bd3ae4",https://i.redd.it/90yugew0xu8h1.png,LoveAndDeepspace
1ucowim,1782144616,hehe pubby 🐺💕,False,106,106,0.93,peachpelle,,,,,,Art,False,,1,0,,False,Valko is cute idc what anyone says i got that dawg in me 😤😤,"https://preview.redd.it/1zi8wo8xyu8h1.png?width=140&height=140&crop=1:1,smart&auto=webp&s=c5eec5f881b6aefb213bd0af160a6d5c9296c82d",https://i.redd.it/1zi8wo8xyu8h1.png,LoveAndDeepspace
1ucozdc,1782144792,I don’t know why everyone find Valko having 4 ears weird when this’s the cat buțler outfit,False,785,785,0.93,Ok_War4709,❤️ :GK1:| :Artsy-Birb-Love:| :Apple:| :HS1:| :Crow-Feeling-Good:,,,,,Discussion,False,,98,0,,False,"Like have we really forgot about this?

Not to mention, in Rafayel third myths, he has 4 ears as well but no body talks about it because it’s literally attached to his ears

Your argument that the cat ones are okay and his are not just don’t make no sense, sorry not sorry

“Cat ears are meant to be funny, his are meant to be serious.” Sorry can’t a guy be funny??

Having 4 ears isn’t something new in our game, and it’s probably removable and just for his myth",https://preview.redd.it/kj7louyfzu8h1.jpg?width=140&height=140&auto=webp&s=16aa1dd054548a37bb35ba1b5f5b516bf3d0f526,https://www.reddit.com/gallery/1ucozdc,LoveAndDeepspace
1ucp1b6,1782144910,Valko & Rafayel as opposites?,False,55,55,0.89,LumpyGummyBuns,❤️ :GK1:| :Artsy-Birb-Love:| :Apple:| :HS1:| :Crow-Feeling-Good:,,,,,Discussion,False,,16,0,,False,"So we know how the other LIs were kind of narrative opposites of another. 

Xavier - light, born to privilege, crown prince, hunter  
Sylus - night, not born into privilege, dragon, mafia 

Zayne - moved away as kid, initially cold/aloof, likes sweet things, doctor saving lives  
Caleb - grew up together/super close, associated with sour things, military colonel

Rafayel - artist, God, Sea God of Lemuria (mermaids)  
Valko - tech chairman, leader of werewolf clan ???

I wonder how else Valko is gonna be opposite to Rafayel 🧐 the fact that he’s also the head of a “monster people” is interesting. I’m betting his personality is also opposite to Rafayel. Maybe he’s seen as more extroverted in public, but shy in private 😗 

What do yall think? Either way I’m excited to get to know a new LI!! ",https://preview.redd.it/119wp9oszu8h1.jpeg?width=140&height=140&auto=webp&s=fc347ca87ab144a641cad266a772eaa9eed6849b,https://i.redd.it/119wp9oszu8h1.jpeg,LoveAndDeepspace
1ucp5hq,1782145169,Valko does not look like any other LIs,False,157,157,0.8,greeny_boo,,,,,,Discussion,False,,74,0,,False,Guys he was just dropped and I cannot relate to amount of people saying he is looks like a mix of Sylus and Caleb. His face features are so far from others LIs that I really can't see any resemblance of other guys. The other LI actually do a little look like each other...but this one is absolutely different. Am I just blind?,"https://preview.redd.it/h3qb6yfk0v8h1.jpeg?width=140&height=140&crop=1:1,smart&auto=webp&s=5748a1d039afc27efc283e0a79b4725371fe3416",https://i.redd.it/h3qb6yfk0v8h1.jpeg,LoveAndDeepspace
1ucp6w2,1782145253,First impression on Valko for me be like,False,87,87,0.95,IdkReally_1304,:Happy-Snowman-Sigh: Zayne’s Snowman :Happy-Snowman-Drink:,,,,,Art,False,,1,0,,False,My drawing skills are horrible so I thought of just doing the stick man version 😭😭I’m sorry but Zayne please protect me from the big bad wolf over here maybe I’ll try to know him better but who knows ,https://preview.redd.it/w1qcba5n0v8h1.jpeg?width=140&height=100&auto=webp&s=401a4a4b6ff9086b5bf0c6410320842ba3942241,https://i.redd.it/w1qcba5n0v8h1.jpeg,LoveAndDeepspace
1ucp7az,1782145277,Valko Idea/Theory,True,0,0,0.28,Makumi_Washoy,,,,,,Lore & Theories ,False,,6,0,,False,"Imagine if Valko is an artificial man, made out of a combination of Caleb's DNA and Wolf DNA and his existence is what opens fully the door to Caleb Main Story and is also why he looks similar to Caleb.

&#x200B;

&#x200B;",self,https://www.reddit.com/r/LoveAndDeepspace/comments/1ucp7az/valko_ideatheory/,LoveAndDeepspace
1ucpa1y,1782145443,Heard our new Li is a...,False,176,176,0.94,dokkaebigoblin,,,,,,Edits,False,,3,0,,False,Alpha of his pack and CEO of a tech business... Where have I seen that before? Much love for Valko ❤️,"https://preview.redd.it/nrx0lytd1v8h1.png?width=140&height=140&crop=1:1,smart&auto=webp&s=faf9b49515c2c0fc420f73097cc2a3968c14df48",https://i.redd.it/nrx0lytd1v8h1.png,LoveAndDeepspace
1ucpj1m,1782145967,Zayne's or Valko's birthday outfit?,False,58,58,0.79,rubellite3472,❤️ :Artsy-Birb-Love: | :apple-ha-ha:,,,,,Discussion,False,,44,0,,False,"I thought the new birthday outfit was SUS because of the timing. The overall vibe and description didn't really feel like Zayne to me, it felt kind of distant, in my opinion. I mean, MC and Zayne are in that lovey-dovey stage of the relationship, I was expecting something cheesier. lol

&#x200B;

So... Maybe Valko's birthday is before Zayne's, then? What do you think, guys? 👀

&#x200B;

&#x200B;

&#x200B;

&#x200B;",https://preview.redd.it/s4nqeprx2v8h1.jpg?width=140&height=123&auto=webp&s=cd7c1cba908bedde9b364f39dbb624b5347e27ce,https://www.reddit.com/gallery/1ucpj1m,LoveAndDeepspace
1ucq1lq,1782147074,soooooooo about Valko,False,1,1,1.0,Kaoless,,,,,,Discussion,True,"{'reddit_video': {'bitrate_kbps': 2400, 'dash_url': 'https://v.redd.it/03jl4xy36v8h1/DASHPlaylist.mpd?a=1784739099%2CZGRjMTk4OGNhN2FhNGU1MzAzY2FlY2Y1OGFjOWJjNTJkZWNhNzJlNGRmZWM5MzYwNGU0Nzc2ZTA2YmZhMTVmOQ%3D%3D&v=1&f=sd', 'duration': 17, 'fallback_url': 'https://v.redd.it/03jl4xy36v8h1/CMAF_720.mp4?source=fallback', 'has_audio': True, 'height': 1280, 'hls_url': 'https://v.redd.it/03jl4xy36v8h1/HLSPlaylist.m3u8?a=1784739099%2CY2MyYmQ0NzE5NzYxNDRiYjhmNzllOTJjMTQ5OWU4ZWNmNWRlMWEwNDcxMzViMDg3ZDU3YjcwY2Y1ZDA1MjIwNA%3D%3D&v=1&f=sd', 'is_gif': False, 'scrubber_media_url': 'https://v.redd.it/03jl4xy36v8h1/CMAF_96.mp4', 'transcoding_status': 'completed', 'width': 720}}",1,0,,False,[removed],"https://external-preview.redd.it/MDhxN3F0ejM2djhoMajYzm3AuYKH1p7buj-TTmAWfM1W2QWfbT19GKovcrzh.png?width=140&height=140&crop=1:1,smart&format=jpg&auto=webp&s=91fd560817e6bd80e93c51903342b9ecb8d26ba5",https://v.redd.it/03jl4xy36v8h1,LoveAndDeepspace
1ucq21p,1782147104,Curious about everyone’s thoughts on Valko — the CN community seems pretty split on the 6th LI,True,1,1,1.0,Coco-nebula,,,,,,Discussion,False,,1,0,,False,[removed],self,https://www.reddit.com/r/LoveAndDeepspace/comments/1ucq21p/curious_about_everyones_thoughts_on_valko_the_cn/,LoveAndDeepspace
1ucq87p,1782147486,"Curious about everyone’s thoughts on Valko (6th LI) — love him, neutral, or not a fan?",True,1,1,1.0,Coco-nebula,,,,,,Discussion,False,,2,0,,False,[removed],self,https://www.reddit.com/r/LoveAndDeepspace/comments/1ucq87p/curious_about_everyones_thoughts_on_valko_6th_li/,LoveAndDeepspace
1ucqd2v,1782147771,Is anyone else feeling worried about Valko in future content?,True,121,121,0.87,starsintheblack,,,,,,Discussion,False,,96,0,,False,"As someone who was kind of excited for a 6th LI, I don’t mind Valko being introduced that much. He looks handsome to me and while I’m not too big on the whole werewolf aesthetic, if his personality and dynamic with the MC is up my alley I might try to main him. But the reaction from other fans (especially on the CN side) is making me feel nervous. In one of Infold’s other games, one of their characters was treated as a part-time LI because of the backlash. I’m scared that I’ll really like Valko but that he’ll get so much hate that we’ll barely get any content from him. Sylus and Caleb got hate when they were released but nowhere near this much. I am not bashing anyone who hates him, I’m just worried he’ll get shafted.",self,https://www.reddit.com/r/LoveAndDeepspace/comments/1ucqd2v/is_anyone_else_feeling_worried_about_valko_in/,LoveAndDeepspace
1ucqlwg,1782148320,Valko's 4 Ears Make Sense to Me,False,1,1,1.0,Interesting_Disk8650,,,,,,Lore & Theories ,False,,2,0,,False,[removed],https://preview.redd.it/m5wm36rx9v8h1.jpeg?width=140&height=87&auto=webp&s=4e61c0791b5337eb1eb5b7bfde9419fa5f6573c2,https://i.redd.it/m5wm36rx9v8h1.jpeg,LoveAndDeepspace
1ucqnl8,1782148427,Once Valko gets a widget ...,True,26,26,0.8,Jisen_Meizuki,❤️ :Crow-Feeling-Good: l :Happy-Snowman-Drink:,,,,,Discussion,False,,5,0,,False,Does he get feline ears and tail or his wolf ears and tail? I mean... He already has them out. 🤔🤔🤔,self,https://www.reddit.com/r/LoveAndDeepspace/comments/1ucqnl8/once_valko_gets_a_widget/,LoveAndDeepspace
1ucqoxb,1782148511,So is the mysterious eye related to Valko or no?,False,1,1,1.0,eris002,,,,,,Lore & Theories ,False,,1,0,,False,[removed],"https://preview.redd.it/jb6mue6iav8h1.jpeg?width=140&height=140&crop=1:1,smart&auto=webp&s=f5869bab56c17d556565251e4a0646e0ed760d6c",https://i.redd.it/jb6mue6iav8h1.jpeg,LoveAndDeepspace
1ucqqne,1782148611,the hate towards valko is ridiculous,True,1,1,1.0,yn_lxx,:Apple: | 🍎Caleb’s Baby Apple🍎 ,,,,,Discussion,False,,2,0,,False,[removed],self,https://www.reddit.com/r/LoveAndDeepspace/comments/1ucqqne/the_hate_towards_valko_is_ridiculous/,LoveAndDeepspace
1ucqr6g,1782148642,Valko deserves more love 😭,False,1,1,1.0,msxiv,:Artsy-Birb-Love: |🧜🏻Rafayel’s Mermaid🧜🏻‍♀️,,,,,Discussion,False,,2,0,,False,[removed],https://preview.redd.it/5nipzd1wav8h1.jpg?width=140&height=78&auto=webp&s=002867920070c70ca8b14ca8e4fd1e323e23f055,https://www.reddit.com/gallery/1ucqr6g,LoveAndDeepspace
1ucqvty,1782148917,My Sister Prefers Valko than the others,True,1,1,0.99,cyxnchi,,,,,,Discussion,False,,2,0,,False,[removed],self,https://www.reddit.com/r/LoveAndDeepspace/comments/1ucqvty/my_sister_prefers_valko_than_the_others/,LoveAndDeepspace
1ucqypn,1782149095,About the new LI: Valko,False,1,1,1.0,Faefaerye,,,,,,Discussion,False,,2,0,,False,[removed],"https://preview.redd.it/c97y0er8cv8h1.jpeg?width=140&height=140&crop=1:1,smart&auto=webp&s=be230d7fe17b798ef532e9e070ff2ac0377fae06",https://i.redd.it/c97y0er8cv8h1.jpeg,LoveAndDeepspace
1ucr4ea,1782149427,New LI release is always exciting🤭,False,963,963,0.96,JasneetKhurana,:Crow-Feeling-Good: l 🐾Sylus’s Kitten🐈‍⬛,,,,,Memes,False,,75,0,,False,"We're definitely getting our Twilight moment 🤣🤣👏 even though I'm pretty sure he's Rafayel's foil.

&#x200B;

Oh the teaser was so good 😍😍👏👏 still a Sylus main but Valko is welcome to join the harem😂🤭💓 Lovingggg the red hair and golden eyes😍😍😍","https://preview.redd.it/hxofgn57dv8h1.jpg?width=140&height=140&crop=1:1,smart&auto=webp&s=b8d329e124271a295b5e2b2e1371b98c00109a1a",https://www.reddit.com/gallery/1ucr4ea,LoveAndDeepspace
1ucrace,1782149793,thoughts on valko,False,1,1,1.0,Dry-Chip4314,,,,,,Discussion,False,,2,0,,False,[removed],https://preview.redd.it/nvmlk99vdv8h1.png?width=140&height=78&auto=webp&s=5271677348d71388fb9a74077d087cabb9ed0435,https://www.reddit.com/gallery/1ucrace,LoveAndDeepspace
1ucrax9,1782149828,Theories on Valko and His Role in the Story & as a Love Interest,True,240,240,0.94,sealblorboweeb,:Artsy-Birb-Love: |🧜🏻Rafayel’s Mermaid🧜🏻‍♀️,,,,,Lore & Theories ,False,,40,0,,False,"**Caveat before we start:** I am no LADs lore expert, but when I saw Valko's trailer + character bio I couldn't help but draw a few connections considering he is the foil to my beloved fish husband. If I make any inaccuracies regarding lore, please let me know (though I'll be taking a more meta-analysis of his role as a character so I don't think lore plays a HUGE role into this).

OKAY, so for a longtime we've theorized that the 6th LI would be the foil to Rafayel. Zayne and Caleb are clearly foils to each other, so are Xavier and Sylus. Rafayel was the only one without a foil, until Valko came along. But what does it mean to be a character foil? [Britannica ](https://www.britannica.com/art/foil-literature)describes a foil as such:

>**foil**, in [literature](https://www.britannica.com/art/literature), a character who is presented as a contrast to a second character so as to point to or show to advantage some aspect of the second character.

The [GDC presentation in March](https://www.reddit.com/r/LoveAndDeepspace/comments/1rrp1pn/love_and_deepspaces_art_director_explained_at_gdc/) showed us how much detail the writing/art team at LADS is imparted within these characters. One excerpt from u/ihearamurmur 's post really stands out to me:

>Feng’s most important principle (and the one I think has the widest application) is that a character people fall in love with is full of **contradictions**. Not just “layered” or “complex” in the way every character brief claims. Specifically, *contradictory*. Cold and warm at the same time. Constrained and rebellious in the same outfit.

>She kept coming back to this Chinese term: 反差感 (fǎnchā gǎn), ""contrast feeling."" It's the jolt when a character breaks their own pattern. When the controlled one loses composure. When power goes gentle. She said they design for this on purpose in every character.

>Feng’s argument is essentially: **contrast gives you novelty, and novelty begets attraction.** The familiarity of a recognizable archetype draws you in (”I know this type”). The **unexpected contradiction** within it holds you (”but I’ve never seen them do *that*“). The gap between what you expect and what you get is where the emotional charge lives.

Therefore, it's safe to assume that creating love interests that are ""foils"" to each other is apart of the design process to generate appeal/interest within the player base. It's impossible to create a single man that appeals to EVERY player; but by having a character for those who like X to be the opposite of Y, their foil character will attract those who like Y. (On a more pragmatic perspective, wider player base = more people willing to pull on banners =  more $$$).

Additionally, a large part of this subversion Feng discusses at the GDC presentation is based on flipping ""tropes"". Zayne is the childhood friend. Xavier is the Hero/Prince Charming. Sylus is the Mafia ""Bad Boy"". Caleb is the Boy Next Door/the One Who Get Away. Rafayel is the Eccentric Artist (or just Eccentric LI). These tropes are long-established in the romance genre across mediums, but each LI ""subverts"" this trope somehow to create interest.

Take Caleb for example: everything from his design to his close relationship with the MC screams ""[Boy Next Door](https://tvtropes.org/pmwiki/pmwiki.php/Main/GirlNextDoor)"". He initially exemplified this persona of our loyal, wholesome, and pure-hearted older brother type of character... only for it to be flipped by this deep, sensual ""forbidden love"" pseudo-cest element that comprises the majority of his relationship with the MC. His re-introduction in the main story completely destroys the ""wholesome"" persona and his cards further investigate just how deeply he desires the MC past the point of 'purity' that would be expected of a brother.

OK, so we've established that Infold likes playing with contrasts and opposites. How does Valko fit into this? First, let's establish his initial ""trope"" that will be flipped: clearly, he's supposed to be the rich, cold, aloof tech CEO (the modern equivalent of the ""Duke of the North"" if you will) whose heart can only be thawed by our dear MC. To understand this better, we'll need to take a look at his foil, Rafayel:

* **Trope:** [Eccentric Artist](https://tvtropes.org/pmwiki/pmwiki.php/Main/EccentricArtist), [Agent Peacock](https://tvtropes.org/pmwiki/pmwiki.php/Main/AgentPeacock), [Noble Male](https://tvtropes.org/pmwiki/pmwiki.php/Main/NobleMaleRoguishMale)
* **Evol:** Fire
* **Themes:** Duality
   * Fire evol with oceanic/aquatic origins
      * Both are used as elements of destruction; fire burns, the ocean engulfs.
      * Also key symbols of ""volatility"" (which hints further at Rafayel's turbulent nature/psyche); fire can become a raging inferno, the ocean can become a tumultuous tsunami.
      * Rafayel is also a *Pisces*, which is represented by two fish- further hammering home how important duality is to his character!
   * The vulnerable damsel who needs protecting vs the deadly assassin
   * Frivolous, petty, arrogant demeanor vs cunning, manipulative, strategic ""true self""
      * Remember, while Rafayel may have the outward facade of being a frivolous and eccentric diva, he is an assassin seeking vengeance for Lemuria with a deep hatred for humans.
   * **Ultimately... Pretty exterior vs deadly interior.**
      * Rafayel uses his artworks, which are highly desired in the art world, to target those who trafficked and abused Lemurians by driving them to suicide.
      * Rafayel is heavily implied to have used his 'siren song' at the opera house to kill another person, in vengeance of his people.
      * From a relationship perspective; while Rafayel orchestrated he and MC's ""meet cute"" to be one of circumstance, it's established that he has been following MC for *much, much longer than that.*

Using what we now about Valko's foil, what can we extrapolate to learn about *Valko?* Here's my theory: **while Rafayel represents duality, Valko is singularity, or more succinctly, stability.**

* In contrast to Rafayel's softer, slightly effeminate appearance, Valko more closely aligns with the ""established"" ideal of masculinity, enforcing stability. He doesn't *move* from that societal expectation of what a desirable man should look like, in fact he hugs that expectation quite closely.
* We know his evol is **Metallization,** based on the process of *metallizing* [aka to coat, treat, or combine things with metal](https://en.wikipedia.org/wiki/Metalization).
   * Metal is an element associated with *Earth*, and is generally considered to be a *static, stable* substance incapable of movement once it is set.
   * This is further proved by the fact that metallizing is often used to **preserve** objects from corrosion or physical wear and tear.
   * But what *is* metal moved by? **Fire.**
* While the Lemurian Empire eventually fell (hence motivating Rafayel to avenge his people, with only a few survivors left in the world), Valko's clan of the werewolves still **endures,** necessitating his active leadership.
   * Valko is also clearly supposed to be a riff on the ""Alpha CEO"" archetype which makes Rafayel look more like a ""Beta male"" with his seemingly frivolous, effeminate, 'submissive' personality (which does not reflect my opinions whatsoever, but is based on how patriarchal society conceives a ""Dominant"" man versus a ""Submissive"" man).
* Also, [Valko is a Bulgarian name in origin literally meaning ""Wolf""](https://www.behindthename.com/name/valko). Werewolves play a huge role in [Slavic mythology](https://en.wikipedia.org/wiki/Werewolf_in_Slavic_mythology#). Pulling on the folklore canon of *werewolves* (both within and outside the Slavic context), we can pull a few more associations:
   * What are werewolves famously weak to? **Silver.**
   * What is Valko's Evol? **Metallization.**
   * **Valko's Evol creates the very thing his kind is famously weak to; silver.** We can identify this as his first *contradiction.*
* In contrast to Rafayel's ""noble man"" (he is literally the King of Lemuria), Valko is his ""roguish man"" counterpart.
   * In Slavic mythology, werewolves are associated with the **surrender to another, animalistic state of existence,** crossing the boundary from humanity to a more primal realm.
   * This primality in Valko's character is also a HUGE counterpart to his supposed occupation as a tech CEO, which are expected to be polished and distinguished. To be dignified, not like the ""monstrous"" werewolves.
* Also, considering the current era of tech/AI versus the arts, it's no coincidence that he works as a tech CEO while Rafayel is a fine artist. Technology (or the sciences) and the arts have long been juxtaposed against each other in not just literature, but also politics, society, philosophy etc.

To sum it up, here are my predictions for Valko's character:

* **While outwardly he may seem to be the stoic, no-nonsense ""Alpha CEO"" type,** I think he will have a softer, earnest, and more altruistic demeanor than we are led to believe.
   * We expect characters of his trope to be cold, unfeeling, very 'pragmatic' that only does what is necessary for X mission; I think Infold will ""flip"" this by having him *earnestly* care for his clan. We might see scenes of him eagerly taking care of the clan's young with a piggyback ride, or taking wisdom from a clan elder.
   * I think he will also be more outgoing than we're initially led to believe. While he won't be ENERGETIC per se, I think he will be a *lot* more emotive (akin to Caleb/Sylus versus the OG3) and excitable. (consider the fact that his hair is RED... the color of passion, love, emotion!)
* **While Rafayel hides his true self behind a complex mask, Valko's true intentions will not be as difficult to discern.** In fact, I think he will be quite straightforward with the MC and be quite straight-to-the-point. He's not ""simpler"" per se, but you won't have to second-guess what he says like some of the other LIs.
* **Valko is also a subversion on the ""second male lead"" trope.** We've seen the comparisons with Valko/Sylus and Edward/Jacob. All in all, Bella picked Edward, leaving Jacob to fall in love with... ok, I'm not finishing that sentence. But he's also a redheaded male lead that is also the ""roguish man"" to the ""noble man"" (Rafayel) that most FLs in the genre would pick as their ""end game"". I think Valko **is for the girlies who love the second male leads and want to give them their happily ever after.** For those who wished the FL picked the knight over the prince/Duke of the North.
* **My main prediction is that his Evol will, naturally, be a threat to himself (or his people).** It's no mistake that his Evol is Metallization and that he's a werewolf, which are famously vulnerable to silver. His symbolism so far has denoted him to be a ""stable"" character, and what's the best way to introduce a contradiction? **Instability,** *by having his power hurt the people he's vowed to protect.* A very typical romance lead trope, but there's a reason why people love it as it puts a ""soft spot"" into his tough guy persona.

Anyways, this is all conjecture, and if you read it this far, thank you! :D I had a lot of fun tackling Valko's symbolism and tacking on my own analysis, so I'm excited to see how he shakes out in the MS. I'm happy to hear everyone else's thoughts too!

Edit: formatting",self,https://www.reddit.com/r/LoveAndDeepspace/comments/1ucrax9/theories_on_valko_and_his_role_in_the_story_as_a/,LoveAndDeepspace
1ucrivt,1782150334,Tips for a newbie? Joining LADS after Valko teaser,True,1,1,1.0,succubusrabbit,,,,,,Discussion,False,,2,0,,False,[removed],self,https://www.reddit.com/r/LoveAndDeepspace/comments/1ucrivt/tips_for_a_newbie_joining_lads_after_valko_teaser/,LoveAndDeepspace
1ucs482,1782151629,"I can't be the only one who finds Valko to be super hot, right?",True,1,1,1.0,gejniusz,,,,,,Discussion,False,,1,0,,False,[removed],https://preview.redd.it/b7cl65jdhv8h1.png?width=140&height=77&auto=webp&s=1a26e4b151a1986b88581510897164c6ecfbb512,https://www.reddit.com/r/LoveAndDeepspace/comments/1ucs482/i_cant_be_the_only_one_who_finds_valko_to_be/,LoveAndDeepspace
1ucsd1y,1782152176,"If Valko's Abby, then the rest are...",False,87,87,0.89,Sunanas, 🤍 :Happy-Snowman-Sigh: | :Happy-Snowman-Drink:,,,,,Memes,False,,11,0,,False,,https://preview.redd.it/3fzhe9n5lv8h1.png?width=140&height=140&auto=webp&s=3d5034860aa137b4768be3f3b94c75fc3ab5de5f,https://i.redd.it/3fzhe9n5lv8h1.png,LoveAndDeepspace
1ucsmai,1782152739,"Sylus mains, thanks to Valko we can now live our Twilight love story ! Can’t wait for it ❤️‍🔥",False,1,1,1.0,_Spokinette_,:Crow-Feeling-Good: l 🐾Sylus’s Kitten🐈‍⬛,,,,,Discussion,False,,2,0,,False,,"https://preview.redd.it/cpis74n2nv8h1.jpeg?width=140&height=140&crop=1:1,smart&auto=webp&s=f64fd261cbe12b1f432c476a525b1ffc0f837bf8",https://i.redd.it/cpis74n2nv8h1.jpeg,LoveAndDeepspace
1ucsse0,1782153117,I am sorry yall but valko actually mog .,True,1,1,1.0,Any-Growth-1995,,,,,,Discussion,False,,2,0,,False,[removed],self,https://www.reddit.com/r/LoveAndDeepspace/comments/1ucsse0/i_am_sorry_yall_but_valko_actually_mog/,LoveAndDeepspace
1ucsxtn,1782153444,Who else is excited for Valko?!,True,1,1,1.0,Puzzleheaded-Pin987,,,,,,Discussion,False,,1,0,,False,[removed],self,https://www.reddit.com/r/LoveAndDeepspace/comments/1ucsxtn/who_else_is_excited_for_valko/,LoveAndDeepspace
1ucsxz6,1782153454,Hot take on 6th LI WARNING DELULU IMMINENT,True,167,167,0.92,TechnoMonstrWMissile,,,,,,Memes,False,,20,0,,False,"Look, loosely speaking Valko is the foil to Raf yea?

>!And Raf and MC have this Sea God and follower thing so...!<

>!Can wolf man be the follower to us as Moon Goddess?!<

Look- I'M JUST SAYIN, I'm just sayin...

A girl can dream ( >﹏< )",self,https://www.reddit.com/r/LoveAndDeepspace/comments/1ucsxz6/hot_take_on_6th_li_warning_delulu_imminent/,LoveAndDeepspace
1uct9tk,1782154176,VALKO JPN VOICE ACTOR,True,1,1,1.0,Nadialovespizzaa,:Apple: | 🍎Caleb’s Baby Apple🍎 ,,,,,Discussion,False,,2,0,,False,[removed],self,https://www.reddit.com/r/LoveAndDeepspace/comments/1uct9tk/valko_jpn_voice_actor/,LoveAndDeepspace
1ucu3ce,1782155975,"Anyone else think the missing Sylus/Caleb content is actually a plan, not neglect?",False,57,57,0.79,TulaHula,🖤 :Crow-Feeling-Good: l :Crow-Mine-Now:,,,,,Discussion,False,,33,0,,False,"Hi hunters! I know the news about Valko today is pretty crazy. I for one was not expecting a sixth LI so soon. I’d seen the theories and such floating around and I was part of the camp who agreed that a 6th LI makes sense. I am just surprised how it was announced so out of nowhere??

I’m a Sylus main. I also really love Caleb (🫡gege supporter here) and I started playing around the time he came out. My first multi was the Catch-22 banner. What I’m trying to say is, I’m very aware and very sore about the lac.k of base game content for both of these characters: bonds, anecdotes, Sylus’s standard myth quality is…ok not the right post to vent about that lol moving on. 

My theory for why only the OG3 have full content and not the rest is because Infold has been waiting to drop the remaining content until after releasing the next LI. I only say “next” because I don’t wanna speculate whether he’s the final LI or not. It doesn’t matter for now, because either way Valko’s release rounds out the 2nd half of the LIs.

Maybe with the addition of Valko, Sylus and Caleb will start receiving base game updates as well. If my theory is correct, they could possibly be in development right now. I know some people think differently on this. I don't want to go into too much depth here bc other posts have already gone into detail about how Sylus, Caleb, and Valko round out Xavier, Zayne, and Rafayel (respectively). I’ve seen people reference stellactrum colors specifically and the unique archetypes that echo the archetypes of 1st half of the LIs.  Valko's release is the balance the game has been building towards, I think 🤞I don’t want to spread false hope but this is just how my brain has been thinking. Maybe I’m delulu!

With this in mind, I do hope content for the OG3 doesn’t become scarce or decline in quality, because I’ve really started to fall for everyone at this point 😅 Zayne was my original #2 since the beginning but Rafayel has slowly made his way from my ultimate least to second favorite. And just when I start thinking that must mean Xavier is my least favorite, he makes me realize there is no least favorite 😭🩷 Sigh. Infold knows how cherished these three are, so I can only try to have faith that they know what they’re doing. This is how they make money after all, and we know they care about that 😅

In general I am very excited for Valko! Free The Forehead is a massive success! He looks sooo hot y’all 🤷‍♀️ and I’m ready for new content! What will their dynamic be like? I kind of miss the earlier dynamics between MC and Sylus/Caleb where they were not as close and still getting to know each other. I’m trying to keep my expectations to a minimum, but I’m kinda envisioning those “new relationship butterflies” between Val and MC and what that looks like.

Werewolves are not my first choice when it comes to tropes but I’m keeping an open mind. Very interested to see how this works with him being a CEO? Corporate is also not usually an angle I like btw but we’ll see where it goes. What is this new company, and how does it relate to EVER? I have hope it’ll add freshness to the game and not make it muddy! At the end of the day, Infold knows how to write characters I love. 

Sylus photo attached as a thank you for reading 🩷 I thought the new hat and glasses would look funny on him, but somehow I really vibe with it?? 😅 And with the Throne of Eros outfit he looks like a space cowboy to me.","https://preview.redd.it/zefs2l6pwv8h1.jpeg?width=140&height=140&crop=1:1,smart&auto=webp&s=8b8b5cfd4e992f27b232c3c7e745f6800df97a1d",https://i.redd.it/zefs2l6pwv8h1.jpeg,LoveAndDeepspace
1ucucik,1782156513,Valko name meaning,True,42,42,0.87,Asocosplay,,,,,,Discussion,False,,23,0,,False,I heard that Valko is Hungarian for wolf? I’m curious what his name is in the other languages and the meanings are behind them. Since I feel like we learn a lot about the other Li’s from their names in other languages. ,self,https://www.reddit.com/r/LoveAndDeepspace/comments/1ucucik/valko_name_meaning/,LoveAndDeepspace
1ucul6j,1782157045,I wonder what emoji/symbol will Valko have,False,506,506,0.98,mkrzyq7,:Galaxy-Kid-Wow: |⭐ Xavier’s Little Star ⭐ ,,,,,Discussion,False,,49,0,,False,"So every Li has it’s own cute emoji but who will Valko have? I think it will be definitely wolf themed but I wonder how he will look like, a small cute wolf? \^\^

Credits : @knightofmight01 ",https://preview.redd.it/8qziqdovzv8h1.jpeg?width=140&height=98&auto=webp&s=2593d1fcdaf673af9bf765552bfb79637dcfa5dd,https://i.redd.it/8qziqdovzv8h1.jpeg,LoveAndDeepspace
1ucuzu7,1782157934,What are your opinions on Valko,True,1,1,1.0,pinkNeo127,:Apple: | 🍎Caleb’s Baby Apple🍎 ,,,,,Discussion,False,,1,0,,False,[removed],self,https://www.reddit.com/r/LoveAndDeepspace/comments/1ucuzu7/what_are_your_opinions_on_valko/,LoveAndDeepspace
1ucvsoa,1782159662,"Rafayel, Valko, and the full moon…",True,55,55,0.86,justmadethistotalkKS,:Artsy-Birb-Love: |🧜🏻Rafayel’s Mermaid🧜🏻‍♀️,,,,,Lore & Theories ,False,,9,0,,False,"I might be overthinking things but as a foil believer, this got me thinking. This might all be one big coincidence and I’m having a giant clown/big tinfoil (teehee) hat moment, but please indulge me. SPOILERS AHEAD.

The full moon is obviously a quintessential part of werewolf lore. It’s the catalyst for when a human turns into a wolf, becomes stronger and more primal, and reaches its peak form. Some werewolf stories show the wolf becomes uncontrollable, but some just show the wolf in its most powerful state.

With the official livestream and the PV focusing on the moon watching, and werewolf lore in general, it seems the moon will naturally be a big component of Valko’s story.

But the full moon is actually referenced in Rafayel’s lore often as well.

In an official promo [video](https://youtu.be/km-A0712YW0?si=5lssMZtojL9HVBFz) for Rafayel from years ago, a song references:

“Nets of moonlight  
With coral, a prison”

And that moonlight surely does constantly stop him from happiness.

In Fragrant Dream, the full moon is mentioned multiple times. The sea witch (MC) uses its moonlight to complete a potion that evidently leads to Rafayel dissipating and turning into sea foam. In fact, the MC specifically says the moonlight from the brightest full moon will complete the potion.

In ToR, the moon is actually mentioned 20+ times. And, if you have seen (one of the most beautifully painful memories imo) Mistea Lament, you can see that everything is occurring in front of a full moon. As the night turns the dawn, MC sacrifices herself, turning into sea foam herself this time.

I’m sure there are more mentions of the moon in Rafayel’s lore, but these two tragic moments live rent free in my head and cause me agony, so I thought of them when watching the PV today. Perhaps, it is because the Lemurian flame is the “Sun below the water” that kept Lemuria alive, and the opposite of the Sun is the moon… so maybe that’s why our fishie suffers when there is a full one around. But, DAMN, does he suffer.

If the foil theory is correct and this is all on purpose, I genuinely think it’s brilliant that Infold has chosen a werewolf to contrast a Lemurian. One gets more powerful during the full moon, the other faces tragedy. I’m interested to see how the full moon (positively?) plays a (huge?) part in Valko’s lore and I’m curious if it will keep popping up in Rafayel’s lore as well.

Ok now let me put my tinfoil hat away…",self,https://www.reddit.com/r/LoveAndDeepspace/comments/1ucvsoa/rafayel_valko_and_the_full_moon/,LoveAndDeepspace
1ucvy0k,1782159991,"It’s a pleasure to meet you, Valko 🐺",False,248,248,0.94,TimideSoul,,,,,,Edits,True,"{'reddit_video': {'bitrate_kbps': 5000, 'dash_url': 'https://v.redd.it/obuwi7tl8w8h1/DASHPlaylist.mpd?a=1784881611%2CZjE5YTNmZmZiYjBjZjNkY2UyZTI0NmZhYmVlM2RiODViZDZhMWJjMmZkOTcwZmI2YzhlY2E2ZDFhM2M5OGFlYw%3D%3D&v=1&f=sd', 'duration': 25, 'fallback_url': 'https://v.redd.it/obuwi7tl8w8h1/CMAF_1080.mp4?source=fallback', 'has_audio': True, 'height': 1078, 'hls_url': 'https://v.redd.it/obuwi7tl8w8h1/HLSPlaylist.m3u8?a=1784881611%2CODc4NDJmMTQ1MjcwZDUwOGEwM2YwNDRhZGZlMDQyZWM2ZTQ5NWI1NDRlNTkyOTBhNmYwNTRlYWYxZWJlMDA4OQ%3D%3D&v=1&f=sd', 'is_gif': False, 'scrubber_media_url': 'https://v.redd.it/obuwi7tl8w8h1/CMAF_96.mp4', 'transcoding_status': 'completed', 'width': 1920}}",20,0,,False,,https://external-preview.redd.it/NDFmMG4wcmw4dzhoMZWrLFl7OEiSMIpzwBJ28NFdU2rFKD3hIE4AbNR1wbCF.png?width=140&height=78&format=jpg&auto=webp&s=dac5b7d464ef4e740f97a8ba824ed3c2fb358bab,https://v.redd.it/obuwi7tl8w8h1,LoveAndDeepspace
1ucwppb,1782161695,It was for HIM!!,False,592,592,0.96,SamaraMorgan850,,,,,,Discussion,False,,34,0,,False,"I thought it was so strange that they added an eyebrow piercing accessory that was completely obscured by all the love interests’ bangs, now I’m realizing this was totally made with Valko in mind",https://preview.redd.it/l3gu13kpdw8h1.jpeg?width=140&height=118&auto=webp&s=e61a153ee049237c0e190280daa4543a1d2d2e4f,https://i.redd.it/l3gu13kpdw8h1.jpeg,LoveAndDeepspace
1ucxx25,1782164426,I finally figured out who Valko reminds me of,False,109,109,0.83,eyesonthetights,❤️ :Crow-Feeling-Good: l :Happy-Snowman-Drink:,,,,,Discussion,False,,21,0,,False,"From the moment I saw his face, I couldn't shake of the feeling that he was kinda familiar...

This is a mod for young Geralt from the Witcher 3, but the look so similar (minus the scar).

Valko and The White Wolf unite 🐺",https://preview.redd.it/v1r14ztalw8h1.jpg?width=140&height=88&auto=webp&s=5ead8d5777d71d27229062c4a32b37e7d97f6db4,https://www.reddit.com/gallery/1ucxx25,LoveAndDeepspace
1ucxxq9,1782164471,Valko get behind me please,False,1,1,1.0,NoDimension7444,,,,,,Memes,False,,1,0,,False,,https://preview.redd.it/8pc9ahkylw8h1.jpeg?width=140&height=139&auto=webp&s=941740eecadc23a52160a52fe68b28d3934ed135,https://i.redd.it/8pc9ahkylw8h1.jpeg,LoveAndDeepspace
1ucyeow,1782165567,I LOVE VALKO,True,1,1,1.0,Accomplished-Try6797,,,,,,Discussion,False,,2,0,,False,[removed],self,https://www.reddit.com/r/LoveAndDeepspace/comments/1ucyeow/i_love_valko/,LoveAndDeepspace
1ucyp6v,1782166227,PLEASE i love the concept of Valko but this need to be said,True,1,1,1.0,sasochann,,,,,,Discussion,False,,2,0,,False,[removed],self,https://www.reddit.com/r/LoveAndDeepspace/comments/1ucyp6v/please_i_love_the_concept_of_valko_but_this_need/,LoveAndDeepspace
1uczgz5,1782168070,Valko the Pineapple.,False,13,13,0.67,purequalitywater,❤️ :Crow-Feeling-Good: l :Galaxy-Kid-Wow:,,,,,Lore & Theories ,False,,3,0,,False,Hmmmmmmmmm.... yellow eyes.... spikey hair... didnt someone mention a certain fruit theory before? I can see it forming. (Also regardless of the hate. I'm very excited. I love him already.) ,https://preview.redd.it/ftugcsynww8h1.jpeg?width=140&height=78&auto=webp&s=bf7e2dbc4aafa6fe85a0c5561dab7c7ca103640b,https://i.redd.it/ftugcsynww8h1.jpeg,LoveAndDeepspace
1ud0llg,1782170864,Valko is now my main reason to play the game again...,False,90,90,0.79,Hot_Attention5852,,,,,,Discussion,False,,21,0,,False,"I'm a caleb stan, but also a huge fan of characters with animal characteristics >-<

This is a big win :3",https://preview.redd.it/addkvuuy4x8h1.jpeg?width=140&height=70&auto=webp&s=96a0c9818789577fe01e300314ed7f9efef4c20e,https://i.redd.it/addkvuuy4x8h1.jpeg,LoveAndDeepspace
